sourceId,name,driveId,driveUrl,sha256,sizeBytes,category,review,observation,presets,exactDuplicateOf
S01,128873478_10156519763887325_2381551517176016451_n.jpg,1INS_YP_UZWb3HuuJuolLxhmbafQ2Fo_W,https://drive.google.com/file/d/1INS_YP_UZWb3HuuJuolLxhmbafQ2Fo_W/view,ccff597d5eefc59ddee05a70690de332b3a1844921a5ac9b2652a9e241544f09,140634,Other association,Visual review; no OCR,Junior Forest Warden / Canadian Forestry Association leather badge; not a ministry patch.,,
S02,129587051_10222147633892264_2806144986476062143_n.jpg,1nfsa9xlipbyfuutUjD4PkgXkzUCk5hon,https://drive.google.com/file/d/1nfsa9xlipbyfuutUjD4PkgXkzUCk5hon/view,d558cecd05318213a0ba0ad9beb5dbf9972388dde8a00f201d679eea0eee2090,118836,Metal badge,Visual review; no OCR,Department of Forests Constable badge.,,
S03,155787749_1279469885780372_7992620919742651074_n.jpg,1fowRf_4chNMPfjUm2a3LQht5hK4NR2C2,https://drive.google.com/file/d/1fowRf_4chNMPfjUm2a3LQht5hK4NR2C2/view,1fb0b3af1734f04227235d3a8ee1a5742aea251458f37a9c47d3e0fbbd7d5b97,194225,Poster,Visual review; no OCR,Ace is High forest-fire prevention poster.,,
S04,155789168_1279469895780371_3846928971675710705_n.jpg,1UvMWn8c55A9BkUhXxEpD4N9Uo0iFvTH_,https://drive.google.com/file/d/1UvMWn8c55A9BkUhXxEpD4N9Uo0iFvTH_/view,1c340dd25f1a3cc6b8f19e371b6e64c8dfebd5db5589822ff42cadb03a16238f,210655,Poster,Visual review; no OCR,Matches are not for children; small Forest Service oval.,,
S05,155806757_1279469889113705_7453375263286118201_n.jpg,1ee0wDpU4wk-0a7PTeSXcPHH9ZniuB6ad,https://drive.google.com/file/d/1ee0wDpU4wk-0a7PTeSXcPHH9ZniuB6ad/view,f97251ea51b8277fc7d0ed2b3a8c9861289ae7da624864b37b7823b9e9697c8b,327367,Poster,Visual review; no OCR,Keep B.C. Green; Forest Service oval.,,
S06,155927878_1279469892447038_1866134217260014319_n.jpg,1LwWFwlX6-QnjGbuSCfjoeVq3DP5fw-12,https://drive.google.com/file/d/1LwWFwlX6-QnjGbuSCfjoeVq3DP5fw-12/view,be9517d654395033f936d827ac4671b40bf0c741b6dc4d41e09d4b985d052775,231128,Poster,Visual review; no OCR,Prevent Forest Fires / timber and payrolls.,,
S07,161462397_1293389494388411_3745642840560553093_n.jpg,1VsCaN7fMWOo4Nl2LrbTzWiXWLAS0na4g,https://drive.google.com/file/d/1VsCaN7fMWOo4Nl2LrbTzWiXWLAS0na4g/view,196d6ca117c49dabbcaf64d11caca66c6d9ebfdd6ed43a595f5b1c662dd0d333,132478,Metal badge,Visual review; no OCR,British Columbia Lands Department / Forest Service tree oval.,,
S08,162061231_1293389487721745_1934183741708057665_n.jpg,15JI44htPICcRkrgZc4gI2Mt3X3la3wQ0,https://drive.google.com/file/d/15JI44htPICcRkrgZc4gI2Mt3X3la3wQ0/view,858f775ed4c84e83d800b529812825c4b9fe6e927e9509cad83c4b550311f884,171778,Mixed memorabilia,Visual review; no OCR,"Overview of Lands Department badge, card and campfire decal; overlaps S07/S09/S10.",,
S09,162329664_1293389484388412_4101552624557463600_n.jpg,1DJEIwv2rOlsZ15Y1GXuiOXJh0XfTajS0,https://drive.google.com/file/d/1DJEIwv2rOlsZ15Y1GXuiOXJh0XfTajS0/view,91a4cd7ec06ed15d4ad6fbf8113a5c9679d47a7b1fff2cd88e249ac5ca8d157d,185654,Decal,Visual review; no OCR,Put your campfires out; Forest Service / British Columbia.,,
S10,163395060_1293389491055078_8503757405864772632_n.jpg,1B5Vn00JKHVSN6sVozNnuriihbWPNv6nT,https://drive.google.com/file/d/1B5Vn00JKHVSN6sVozNnuriihbWPNv6nT/view,d00e225fd10fce2da764d0856ea4cc83a7f7ce5fcc22a7801c222967424fd0fe,320620,Printed emblem,Visual review; no OCR,"Historic pine-bough Lands Department / Forest Service oval, not the modern tree scene.",,
S11,464846692_18026212754453795_7843857953553887023_n.jpeg,1zlab9TWi5MgdBwcCu4ml8RXFCgaqBV4I,https://drive.google.com/file/d/1zlab9TWi5MgdBwcCu4ml8RXFCgaqBV4I/view,9b45022ce892d34671cc5864eb76d11b809c54695b5216a1e9e735f7ac79ae0e,176877,Parks metal badge,Visual review; no OCR,Park Ranger numbered metal badge; not cloth.,,
S12,464883898_18026212763453795_9002747008662479913_n.jpeg,18K9CtO9ako9vJB4Da9I_OJqtJc2KODWh,https://drive.google.com/file/d/18K9CtO9ako9vJB4Da9I_OJqtJc2KODWh/view,8f51a101a067db19b71d8bb1965846ee47357c83a60b92eff9960ae4f0c71db4,181246,Parks metal badge,Visual review; no OCR,Park Ranger numbered metal badge; not cloth.,,
S13,464893510_18026212802453795_8311134693335736041_n.jpeg,1ePa_lXLyDnWoRlGVYQ7VUNsgzo1m5VeU,https://drive.google.com/file/d/1ePa_lXLyDnWoRlGVYQ7VUNsgzo1m5VeU/view,03323c5fcd5b700f09e92f388232f00fa8732496d83ecba9f253886e858e35aa,168512,Parks metal badge,Visual review; no OCR,B.C. Parks cap badge with arms and ribbon.,,
S14,464896487_18026212805453795_5282096737088529316_n.jpeg,1UexJQRmVnN87TV5QdUC8xb7sYnYZ2Pk_,https://drive.google.com/file/d/1UexJQRmVnN87TV5QdUC8xb7sYnYZ2Pk_/view,c696b64acaf431a5b7ffce1cd46c49d9ba51c9ffda0f91388f514fe255a152d7,218614,Parks metal badge,Visual review; no OCR,Green-panel Park Ranger metal badge.,,
S15,464967734_18026212787453795_2534528287030936571_n (1).jpeg,1896L2S-wZ2q2R81hNfThSmJCd5l8PAeg,https://drive.google.com/file/d/1896L2S-wZ2q2R81hNfThSmJCd5l8PAeg/view,51f47fe80c00592f47352cf842ca9ff9c10476ba382416749ed13c58bf3ba2c2,168617,Parks metal badge,Visual review; no OCR,Parks Branch dogwood metal cap badge; duplicate photograph of S16.,,
S16,464967734_18026212787453795_2534528287030936571_n.jpeg,1qn4i1bmK4MMkJZL73MFCslvihL7sl91h,https://drive.google.com/file/d/1qn4i1bmK4MMkJZL73MFCslvihL7sl91h/view,51f47fe80c00592f47352cf842ca9ff9c10476ba382416749ed13c58bf3ba2c2,168617,Parks metal badge,Visual review; no OCR,Parks Branch dogwood metal cap badge; duplicate photograph of S15.,,S15
S17,464968020_18026212772453795_618216468193680548_n.jpeg,1zShPMgLgSuNuK5Isegcg98jfNW-L2HbX,https://drive.google.com/file/d/1zShPMgLgSuNuK5Isegcg98jfNW-L2HbX/view,5dba84c42a0010fa83285ddf1e5143c0363e09e5844f31161488be5866af68bc,198630,Parks metal badge,Visual review; no OCR,Park Ranger numbered metal badge.,,
S18,465014485_18026212829453795_8012313372717707647_n.jpeg,1EjR9Hl9JbA8tIoaiQ3781kp_QIemH6Bf,https://drive.google.com/file/d/1EjR9Hl9JbA8tIoaiQ3781kp_QIemH6Bf/view,98482d42828173473acea15c7585ce863e307bcb3f6eb861dfb2da30b056759c,239844,Parks metal badge,Visual review; no OCR,Green BC / Park Ranger badge with full arms.,,
S19,465022416_18026212820453795_827978032598123723_n.jpeg,1jtb9fjfqiyRlP2uUPK5utZq8wnD7rz7e,https://drive.google.com/file/d/1jtb9fjfqiyRlP2uUPK5utZq8wnD7rz7e/view,fe3b1ddab87cda8a0cacc8639bf55be770641f9e57555ce078e7c19d4f325766,196749,Parks metal badge,Visual review; no OCR,B.C. Parks cap badge variant with arms and ribbon.,,
S20,465234011_18026212742453795_648393151054565189_n.jpeg,1RSqL4LJo_-KD7OaCx_A85Vvp6CK5Vz36,https://drive.google.com/file/d/1RSqL4LJo_-KD7OaCx_A85Vvp6CK5Vz36/view,a31114c1169c49df69d836c22b1c88dfcbdd6b94aa8420c834f534f4df7d2ab1,205315,Parks metal badge,Visual review; no OCR,Park Ranger numbered metal badge.,,
S21,465288431_18026212730453795_5771662030005066903_n.jpeg,1pewou_elFNrlbSOnQ1dBlq3D7Tbsih3v,https://drive.google.com/file/d/1pewou_elFNrlbSOnQ1dBlq3D7Tbsih3v/view,de2c2bc425b2198c956e63ec2153079a72114f2721222631ca3b97c537d10883,125389,Metal badge,Visual review; no OCR,Pierced Forest Service / British Columbia tree oval cap badge.,,
S22,465295261_18026212721453795_2194523491546609348_n.jpeg,1fsoGuXOj9H3y2IWjqBbqrg5IoBsukHF-,https://drive.google.com/file/d/1fsoGuXOj9H3y2IWjqBbqrg5IoBsukHF-/view,082b3fd8349ea1a90caec8b603b17a1aa6be59c4305864ef0893c81f6d1b9505,307580,Mixed memorabilia,Visual review; no OCR,Overview of Parks and Forest Service metal badges; duplicates close-up subjects.,,
S23,472683663_1119920143159170_8157432827153863255_n.jpg,1xrjjiufOriYvletlkS_aZhNQVg1VFPJP,https://drive.google.com/file/d/1xrjjiufOriYvletlkS_aZhNQVg1VFPJP/view,16ebe7cb66af6aa3be1f841d21de60b93755868b56e7e7f5613e17bb8896a0ad,163633,Poster,Visual review; no OCR,Fire Emergency Ration notice with historic Lands Department emblem.,,
S24,472697511_1119920129825838_2516878964329998914_n.jpg,1-QVWbIQg6MrkZRVLNYN1qmXptWJfsTMt,https://drive.google.com/file/d/1-QVWbIQg6MrkZRVLNYN1qmXptWJfsTMt/view,92b334d348ce35edf4fc6fbf3c88eae9eb81e3811bd981e15f6f516a36a14bad,202917,Mixed memorabilia,Visual review; no OCR,"Signs, manuals and insignia; small symbols are not independent verified patch variants.",,
S25,472852178_1125909372560247_2386004497035817726_n.jpg,1uNNWaONap2HJPUty99OHT13K7ovmrW0_,https://drive.google.com/file/d/1uNNWaONap2HJPUty99OHT13K7ovmrW0_/view,08d4e37f3409dfb9998e87ed3b2e69d4e39a211c294770562afc02b48e8f6814,288847,Parks cloth collection,Visual review; no OCR,"Parks Branch elk, shoulder tabs, and provincial-crest ministry shields.",,
S26,472915136_1125909389226912_1725589859686146780_n.jpg,1IjyskNsAqMVYJ5WSQ2HOr_yDV8ep8V7L,https://drive.google.com/file/d/1IjyskNsAqMVYJ5WSQ2HOr_yDV8ep8V7L/view,4839846ed82dab047d4824e430e08bb6a262e1c77c937c4af8e91037e13339e7,251458,Forestry/Parks cloth,Visual review; no OCR,Forest Service tree oval with PARKS rectangular lower plate.,F09-forest-parks,
S27,473190021_1125909205893597_5431828624604382505_n.jpg,11GGUgBj5I0oEwrlZ_qrXfztMR1tuwvo1,https://drive.google.com/file/d/11GGUgBj5I0oEwrlZ_qrXfztMR1tuwvo1/view,098d5a4c14ce19c54e9abd01704efa6c49c47c52ce5f53506081179a7b824883,240912,Parks cloth collection,Visual review; no OCR,Scenic PARKS and PARK RANGER arched patches; separate Ranger tab.,,
S28,473389972_1125909229226928_8286080809000313915_n.jpg,1MuLSTj36clSyGWkeC0qIgIbYMG0qcgbV,https://drive.google.com/file/d/1MuLSTj36clSyGWkeC0qIgIbYMG0qcgbV/view,5448a277a3dd996b57ee7a26ea9ff2007237f7150c869c8df6dff76729f997a3,178229,Printed Parks reference,Visual review; no OCR,Photographed book page headed B.C. Parks Patches; not an independent cloth specimen.,,
S29,473414277_1125909345893583_2964722256599297494_n.jpg,1PCxnrSE3IXxEj5XL7paFiefSU-Kv07TM,https://drive.google.com/file/d/1PCxnrSE3IXxEj5XL7paFiefSU-Kv07TM/view,b48d8e834c41fa60f061e947782b0c85deac846cce655c454c7114759a713fb7,280558,Parks cloth collection,Visual review; no OCR,Parks Branch shoulder arcs and inverted scenic triangle.,,
S30,473425895_1125909312560253_8937053252963871813_n.jpg,1w8DfpMTH4JvH58ynkHFbYYak94gR4rUJ,https://drive.google.com/file/d/1w8DfpMTH4JvH58ynkHFbYYak94gR4rUJ/view,a00583dfb6167f24fba0fdc7a45cf56a38735b3ba781ee27444ef9ba73d5614f,268207,Parks cloth collection,Visual review; no OCR,"BC flag rectangle, flag semicircle, ministry shield and scenic arch; repeats S57 subjects.",,
S31,473571155_1125909282560256_6999063584931405246_n.jpg,1CXInb8CzinChs_jgPr_5vI2L7lIEko8y,https://drive.google.com/file/d/1CXInb8CzinChs_jgPr_5vI2L7lIEko8y/view,f8eb7b714d213b771d469f7b61fb4385d136a65ef822aa93c4ea2bf48eb36f07,281790,Parks cloth,Visual review; no OCR,Department of Recreation and Conservation / Parks dogwood patch.,,
S32,473588306_1125909209226930_8229453408975647419_n.jpg,1DikFU59MqmWqCFxsu12UH3R7oUtaKYYL,https://drive.google.com/file/d/1DikFU59MqmWqCFxsu12UH3R7oUtaKYYL/view,fa1d555aff814f385ff7e50b9846d2469c90b5001e942c13fe7ebdb50d8fd875,159072,Identification material,Visual review; no OCR,Personal identification cards and associated badges; no IDs or personal details reproduced in the kit.,,
S33,475107043_1136984324786085_4798906859120909174_n.jpg,1nEqKVKbYRQcN_1hmFOBcC2dDn_oWKViy,https://drive.google.com/file/d/1nEqKVKbYRQcN_1hmFOBcC2dDn_oWKViy/view,9d6cf759d90ffff61fd7853ed4ecb1ca33674fdad8aef50c2a1d9608a10f83c2,98263,Sign,Visual review; no OCR,Report Forest Fires Here sign with tree oval.,,
S34,475308698_1136988534785664_8799491827010966197_n.jpg,1AybvbTBLSg82RMizFS4aJCa2onr17u2z,https://drive.google.com/file/d/1AybvbTBLSg82RMizFS4aJCa2onr17u2z/view,5d3f277eb5025a3d8920d9297a8ef7c756bc702561ab7f5f27b0a3aeb46252f4,171683,Mixed memorabilia,Visual review; no OCR,Manuals and hardhat with Forest Service decal; not a new cloth specimen.,,
S35,475406264_1136984321452752_7842944822650697923_n.jpg,1sDwGcTT-MRFNLvJPEywUDibgnl11OBmW,https://drive.google.com/file/d/1sDwGcTT-MRFNLvJPEywUDibgnl11OBmW/view,9e0fec445a64206ad4f2a96c05818bbf170f8f9356bd00fd222ca0124c353f2e,101527,Decal,Visual review; no OCR,Green/gold Forest Service / British Columbia tree oval; useful clear colour reference.,F03-tree-decal,
S36,475654100_1136988364785681_8068198254638978969_n.jpg,1XvFjcslHLf-_yqdbFl7Ofz0WkJeVLGqw,https://drive.google.com/file/d/1XvFjcslHLf-_yqdbFl7Ofz0WkJeVLGqw/view,04a0506fe660498a51dfdb71e3641344bd3f74a0cdc39374cb0c08f0f222ee2c,223713,Manual cover,Visual review; no OCR,Fire-weather instruments manual with older Lands Department emblem.,,
S37,475716322_1136988618118989_5521610275361749594_n.jpg,1x8A8DuECmDvE9s571qMmsJOIZtrqbFO5,https://drive.google.com/file/d/1x8A8DuECmDvE9s571qMmsJOIZtrqbFO5/view,122bfca68c68ed06910609caaa04179f1790b5eead5fc1430d8b7a8acf10dc90,169100,Manual cover,Visual review; no OCR,Handbook for look-outmen with older Lands Department emblem.,,
S38,475743081_1136988588118992_6235681669165157411_n.jpg,1wQOU6PLjGs-BWoPr1HxGKy67vtbeHZ0v,https://drive.google.com/file/d/1wQOU6PLjGs-BWoPr1HxGKy67vtbeHZ0v/view,e9c02ec6f1929d0ab32e157c71505158545ea96567107dea4c2bd706c971eff9,199887,Mixed memorabilia,Visual review; no OCR,Hardhat and manual detail; repeats the Forest Service decal subject.,,
S39,485160581_10236724305715876_5614991459203642840_n.jpg,1t1YXphOT-hvoSCiqYCTYqA2TlIYzIHlD,https://drive.google.com/file/d/1t1YXphOT-hvoSCiqYCTYqA2TlIYzIHlD/view,a65c1429e0f4ef1196d9ddee6dba72d5213a8c6b261de1f6bdb08b85909dd954,143265,Vessel marking,Visual review; no OCR,Tree oval painted on cabin; not a cloth patch. Do not infer patch date from nearby year.,,
S40,485758369_10236724305635874_7979447906164035591_n.jpg,1EE2PlsZQQeYly0nGdDwV1mRwptj37zc_,https://drive.google.com/file/d/1EE2PlsZQQeYly0nGdDwV1mRwptj37zc_/view,0df536ce707edc46cba2a3779f0d8907d3ac6a8f1998af281674a75268d1e56e,187838,Vessel marking,Visual review; no OCR,Wider vessel view corresponding to S39.,,
S41,486228143_10236724307235914_1929693087035794664_n.jpg,1UCbGp_3-8mqZaBgviG0ybJm8Kze6TqVB,https://drive.google.com/file/d/1UCbGp_3-8mqZaBgviG0ybJm8Kze6TqVB/view,058fbbd0832173cbc1a06fd475f036bad460d05ee4dca14d823be1ed4b96dc3d,277803,Vessel marking,Visual review; no OCR,Another view of the same vessel markings.,,
S42,493906609_10171402765240456_3711898325210172379_n.jpg,1t2QN7TC_BPUTGkjlDOUHmOT-qH7R-mxB,https://drive.google.com/file/d/1t2QN7TC_BPUTGkjlDOUHmOT-qH7R-mxB/view,db3abff3f675f5a2e36d0d051fe93f17f24e360df366023797873c9622fab1cb,159242,Mixed memorabilia,Visual review; no OCR,Vehicle/memorabilia collage; small markings only.,,
S43,518047373_10160718693811895_5046500805683969435_n.jpg,1bRJ0u-IxNcut7sO6x2-qr-CZ8Ur3YwLH,https://drive.google.com/file/d/1bRJ0u-IxNcut7sO6x2-qr-CZ8Ur3YwLH/view,be34c5fdba3cd3ac765d954f4423c09b2989533b4d39624a5055c421872b8f1d,146144,Forestry cloth,Visual review; no OCR,Long-ministry wildlife oval with WILDFIRE SERVICE lower tab.,F08-long-wildfire,
S44,556059026_10234295234274478_2604604546336673035_n.jpg,1xjum4ASt8uX3pP__B-Ywpc315IUc9yz5,https://drive.google.com/file/d/1xjum4ASt8uX3pP__B-Ywpc315IUc9yz5/view,51d167ae0d321dcd55de25db99d9be98461ca5c4e66e8ed3cf9ea5b81d8d8e69,13714,Forestry cloth,Visual review; no OCR,FOREST/SERVICE side rocker around BRITISH/COLUMBIA small tree oval.,F04-shoulder,
S45,556589249_10234295233994471_8150247784530666957_n.jpg,1LuVoONE1ytqacJXacmQgiucv-k5JjleR,https://drive.google.com/file/d/1LuVoONE1ytqacJXacmQgiucv-k5JjleR/view,d8057007e210919537db873a65c149e2b07581b828f4908407e4ad0c155ee09e,19219,Forestry cloth,Visual review; no OCR,B.C. FOREST SERVICE rectangular map/tree/animal design; blurry screenshot.,F06-map-deer,
S46,556659370_10234295233594461_3395675047831443897_n.jpg,11ch3hDdDDCIgJ2bEHvYoBlhgINX2sZnf,https://drive.google.com/file/d/11ch3hDdDDCIgJ2bEHvYoBlhgINX2sZnf/view,addd41ddd99728432240754290a3fc591c9914c865174b12452eaa9cf8af5ad1,55776,Forestry cloth,Visual review; no OCR,White-band Forest Service tree oval; screenshot with adjacent fragments.,F01-tree-light,
S47,556852178_10234295233434457_927219847622381615_n.jpg,1tuYkFokz7QG-cbfOnejUWcM2fNlMj7Mg,https://drive.google.com/file/d/1tuYkFokz7QG-cbfOnejUWcM2fNlMj7Mg/view,a303141a9e8edd9b719b39e898be58448108a6d4d4e8f8d91c4d634d36366bb5,19348,Forestry cloth,Visual review; no OCR,Green/gold Forest Service tree oval; low-resolution screenshot.,F02-tree-green,
S48,557352313_10234295234234477_2579986482949132615_n.jpg,1bDBblhIfTPTb2v_euhvFb53evVVi_eWl,https://drive.google.com/file/d/1bDBblhIfTPTb2v_euhvFb53evVVi_eWl/view,116b5fcb0dd62a6f847aa4407e7cca5575196914894a21be32e2599cc9fd662c,12871,Unconfirmed cloth,Visual review; no OCR,Unlabelled square BC-map / triangular-tree patch; affiliation not proved.,F07-map-tree,
S49,557587719_10234295234074473_4932041988776303052_n.jpg,1kpXxoJ7pusJ9xnbztejVQixpxykHj-Og,https://drive.google.com/file/d/1kpXxoJ7pusJ9xnbztejVQixpxykHj-Og/view,036db2017f86dfa2b3d09dd44dc3420c76762b31c64738663a8970c975b486c9,20941,Forestry cloth,Visual review; no OCR,"Provincial crest shield, British Columbia / Forest Service; FIRE CONTROL separate top tab.",F05-fire-control,
S50,558474988_10234295233314454_2441967574812076576_n.jpg,1PAeV5ZdkFmzv8xFS-j-5FaLBcAVrO9id,https://drive.google.com/file/d/1PAeV5ZdkFmzv8xFS-j-5FaLBcAVrO9id/view,dec1555d8eb69b94ab55a7a768a22fca45ad5f7dd40b2e9ef292603190a99f66,28458,Unresolved collection,Visual review; no OCR,"Oblique low-resolution gold/navy oval and partial surrounding patches; wording not secure, no speculative recreation.",,
S51,576531772_10173597630865179_4527282603596637067_n.jpg,1Qx2P5oct-kU8_sf8XOJJvK_dU1-J6Elb,https://drive.google.com/file/d/1Qx2P5oct-kU8_sf8XOJJvK_dU1-J6Elb/view,1923cc093fd19e886ed08508433a261ee2a4d1efe3385e849024d3589b5da5fb,28459,Metal badge,Visual review; no OCR,Forest Fire Prevention Officer metal badge with historic oval centre.,,
S52,658952235_18077286722453795_750268281650418753_n.jpeg,1IRAuoXgyPCj-UhbPnLB4aowrKtehaDgE,https://drive.google.com/file/d/1IRAuoXgyPCj-UhbPnLB4aowrKtehaDgE/view,5e29f18b5c6f810b128995f32d155251f7e7081661feedb08cf38463a1730d57,108607,Decal collection,Visual review; no OCR,Fire-prevention decals including tree oval and a small map/tree symbol.,,
S53,658992834_18077286740453795_4383947568630653401_n.jpeg,19KMoTNzgvyE5Q926qmTCuPBJHQ3N3iOW,https://drive.google.com/file/d/19KMoTNzgvyE5Q926qmTCuPBJHQ3N3iOW/view,ffa5ab4a677a6fd40ee47c6157b6b9289830f5f50636fefa5266a732a40f63ea,140601,Decal collection,Visual review; no OCR,"Close-up of S52, not a new cloth patch set.",,
S54,73390732_10220704798958219_8045469164208390144_n.jpg,1ZWqXpHDedzqd2chZtdvHt5UYlju8GZzH,https://drive.google.com/file/d/1ZWqXpHDedzqd2chZtdvHt5UYlju8GZzH/view,138b1f2a7a0f675f9a7ad14593bea9899b42eaf6b48f6f72b4dd8a889db04aa2,494058,Poster,Visual review; no OCR,Campers/Picnickers and Keep B.C. Green posters with oval mark.,,
S55,774281050_1742959623712896_451149546002020040_n.jpg,1DrbVEYA2kHdCRvXT5OPJK-_ClY23t-mZ,https://drive.google.com/file/d/1DrbVEYA2kHdCRvXT5OPJK-_ClY23t-mZ/view,de00dc009e4ada001627180b35a6b21aba7c558206017fb346c0b914bdfad33c,466554,Historic photograph,Visual review; no OCR,Lookout tower; no separately legible patch specimen identified.,,
S56,images (1).jpeg,1ptQyL4EWkBbEo74gaC7jHaIzm6NCXbwY,https://drive.google.com/file/d/1ptQyL4EWkBbEo74gaC7jHaIzm6NCXbwY/view,d5a93bd7ee25b0e42f2ac0ffb3dad333d4b73b5751b30119aab4ed711caccbf3,70549,Mixed patch collection,Visual review; no OCR,Multiple BC agencies; Forest Service shoulder rocker overlaps S44. Most shields belong to other agencies or Parks.,F04-shoulder,
S57,images.jpeg,1D0gzYgYHgmrcymnbLUO1gUKQiSlEEb9Z,https://drive.google.com/file/d/1D0gzYgYHgmrcymnbLUO1gUKQiSlEEb9Z/view,bc58775c0f0d5c9cccf4d60e11651f486561d6e9773c44b811d363a96f67f198,59663,Parks cloth collection,Visual review; no OCR,Compressed photograph of the four-patch Parks group in S30; not a separate design group.,,
S58,Response_Package_FOR-2023-32179.pdf,1szQo3rgFx8Evj85I3UHXm00vZmyX6gSc,https://drive.google.com/file/d/1szQo3rgFx8Evj85I3UHXm00vZmyX6gSc/view,ee3d35e241876620b0fae826c2853e1976d32a70bcbd6f62c922cc03b43fb8cc,36620539,PDF reference,All pages visually screened; key illustrations inspected at native resolution,"107 pages screened visually. Key crest: physical page 75; smaller occurrences on pages 26, 55, 61 and 62. These are document graphics, not cloth-patch evidence.",F10-ministry-forests,
S59,BCFP-Winter2021-Pgs14-15.pdf,1Ac1BzJZXis88u_FFqsG2B582w4lyOHPR,https://drive.google.com/file/d/1Ac1BzJZXis88u_FFqsG2B582w4lyOHPR/view,99ef2ec22858320309b23bfaaacd03b0434e15a0239517673a4ddb7d3717b149,2581795,PDF reference,All pages visually screened; key illustrations inspected at native resolution,"Two-page article Celebrating a Century of Innovative Provincial Forest Research. Background material, not a patch catalogue.",,
